{"name":"15938f1f-8d38-4366-90bb-16facbb59388","id":"/providers/Microsoft.Flow/flows/15938f1f-8d38-4366-90bb-16facbb59388","type":"Microsoft.Flow/flows","properties":{"apiId":"/providers/Microsoft.PowerApps/apis/shared_logicflows","displayName":"PPAC Tenant Capacity Report","definition":{"metadata":{"workflowEntityId":null,"processAdvisorMetadata":null,"flowChargedByPaygo":null,"flowclientsuspensionreason":"None","flowclientsuspensiontime":null,"flowclientsuspensionreasondetails":null,"creator":{"id":"7eab12d2-a2ac-4860-9b41-8bc8a5cbcda1","type":"User","tenantId":"db71fb91-f331-40d2-aca8-283b1d967882"},"provisioningMethod":"FromDefinition","failureAlertSubscription":true,"clientLastModifiedTime":"2025-08-06T11:20:42.5422154Z","connectionKeySavedTimeKey":"2025-08-06T11:20:42.5422154Z","creationSource":null,"modifiedSources":"PowerAppsMaker;Portal"},"$schema":"https://schema.management.azure.com/providers/Microsoft.Logic/schemas/2016-06-01/workflowdefinition.json#","contentVersion":"1.0.0.0","parameters":{"$authentication":{"defaultValue":{},"type":"SecureObject"},"$connections":{"defaultValue":{},"type":"Object"}},"triggers":{"Recurrence":{"recurrence":{"frequency":"Week","interval":1,"timeZone":"Central Standard Time","schedule":{"weekDays":["Sunday"],"hours":["23"]}},"metadata":{"operationMetadataId":"064d7228-584b-4466-9b30-a79adea09c4a"},"type":"Recurrence"}},"actions":{"Get_the_tenant_capacity_details_for_the_tenant":{"runAfter":{"Initialize_table_variable":["Succeeded"]},"metadata":{"operationMetadataId":"c80bc386-c511-47ac-8683-2e5b1931b2c3"},"type":"OpenApiConnection","inputs":{"parameters":{"api-version":"2022-03-01-preview"},"host":{"apiId":"/providers/Microsoft.PowerApps/apis/shared_powerplatformadminv2","connectionName":"shared_powerplatformadminv2","operationId":"GetTenantCapacityDetails"},"authentication":"@parameters('$authentication')"}},"Parse_JSON":{"runAfter":{"Get_the_tenant_capacity_details_for_the_tenant":["Succeeded"]},"metadata":{"operationMetadataId":"31b697b9-abe0-42dd-add2-3977c40ea121"},"type":"ParseJson","inputs":{"content":"@body('Get_the_tenant_capacity_details_for_the_tenant')","schema":{"type":"object","properties":{"body":{"type":"object","properties":{"tenantId":{"type":"string"},"licenseModelType":{"type":"string"},"capacitySummary":{"type":"object","properties":{"status":{"type":"string"},"statusMessage":{"type":"string"},"statusMessageCode":{"type":"string"},"finOpsStatus":{"type":"string"},"finOpsStatusMessage":{"type":"string"},"finOpsStatusMessageCode":{"type":"string"}}},"tenantCapacities":{"type":"array","items":{"type":"object","properties":{"capacityType":{"type":"string"},"capacityUnits":{"type":"string"},"totalCapacity":{"type":"integer"},"maxCapacity":{"type":"integer"},"consumption":{"type":"object","properties":{"actual":{"type":"number"},"rated":{"type":"number"},"actualUpdatedOn":{"type":"string"},"ratedUpdatedOn":{"type":"string"}}},"status":{"type":"string"},"overflowCapacity":{"type":"array"},"capacityEntitlements":{"type":"array","items":{"type":"object","properties":{"capacityType":{"type":"string"},"capacitySubType":{"type":"string"},"totalCapacity":{"type":"integer"},"licenses":{"type":"array","items":{"type":"object","properties":{"entitlementCode":{"type":"string"},"displayName":{"type":"string"},"servicePlanId":{"type":"string"},"skuId":{"type":"string"},"paid":{"type":"object","properties":{"enabled":{"type":"integer"},"warning":{"type":"integer"},"suspended":{"type":"integer"}}},"trial":{"type":"object","properties":{"enabled":{"type":"integer"},"warning":{"type":"integer"},"suspended":{"type":"integer"}}},"totalCapacity":{"type":"integer"},"capabilityStatus":{"type":"string"}},"required":["entitlementCode","displayName","servicePlanId","skuId","paid","trial","totalCapacity","capabilityStatus"]}}},"required":["capacityType","capacitySubType","totalCapacity","licenses"]}}},"required":["capacityType","capacityUnits","totalCapacity","maxCapacity","consumption","status","overflowCapacity","capacityEntitlements"]}}}}}}}},"Apply_to_each":{"foreach":"@outputs('Get_the_tenant_capacity_details_for_the_tenant')?['body/tenantCapacities']","actions":{"Condition":{"actions":{"Append_to_string_variable":{"metadata":{"operationMetadataId":"64e18c5c-ecd7-458c-bec4-78d15b813b9c"},"type":"AppendToStringVariable","inputs":{"name":"Storage Capacity Details","value":"<tr>\n    <td>@{items('Apply_to_each')?['capacityType']}</td>\n    <td>@{if(equals(item()?['consumption']?['actual'], 0), 0, concat(string(formatNumber(mul(div(item()?['consumption']?['actual'], item()?['totalCapacity']), 100), '#.0')),'%'))}</td>\n  </tr>"}}},"else":{"actions":{}},"expression":{"or":[{"equals":["@items('Apply_to_each')?['capacityType']","Database"]},{"equals":["@items('Apply_to_each')?['capacityType']","File"]},{"equals":["@items('Apply_to_each')?['capacityType']","Log"]},{"equals":["@items('Apply_to_each')?['capacityType']","FinOpsDatabase"]},{"equals":["@items('Apply_to_each')?['capacityType']","FinOpsFile"]}]},"type":"If"}},"runAfter":{"Parse_JSON":["Succeeded"]},"metadata":{"operationMetadataId":"7ec462fc-69ed-481e-82f7-7295f1b950f5"},"type":"Foreach"},"Initialize_table_variable":{"runAfter":{},"metadata":{"operationMetadataId":"92761e4a-c60d-4ab5-bf63-5d54d6c0cbe6"},"type":"InitializeVariable","inputs":{"variables":[{"name":"Storage Capacity Details","type":"string","value":"<table border=\"1\" style=\"border-collapse:collapse;\">\n  <tr>\n    <th>Capacity Type</th>\n    <th>Capacity Utilized</th>\n  </tr>"}]}},"Post_message_in_a_chat_or_channel":{"runAfter":{"Close_Table":["Succeeded"]},"metadata":{"operationMetadataId":"84a78351-ce06-430b-910c-da1535b4e95d"},"type":"OpenApiConnection","inputs":{"parameters":{"poster":"Flow bot","location":"Chat with Flow bot","body/recipient":"cdalton@cloudbeacon.dev","body/messageBody":"<p class=\"editor-paragraph\">Power Platform capacity details for tenant (<a href=\"https://admin.powerplatform.microsoft.com/resources/capacity\" class=\"editor-link\">link</a>):<br><br>@{variables('Storage Capacity Details')}</p><br>"},"host":{"apiId":"/providers/Microsoft.PowerApps/apis/shared_teams","connectionName":"shared_teams","operationId":"PostMessageToConversation"},"authentication":"@parameters('$authentication')"}},"Close_Table":{"runAfter":{"Apply_to_each":["Succeeded"]},"metadata":{"operationMetadataId":"1f1fe5df-3cda-4737-b3dc-eaefeecff424"},"type":"AppendToStringVariable","inputs":{"name":"Storage Capacity Details","value":"</table>"}}},"outputs":{}},"connectionReferences":{"shared_powerplatformadminv2":{"connectionName":"shared-powerplatform-2eae70f2-777b-4a53-840c-98e815e36e8f","source":"Embedded","id":"/providers/Microsoft.PowerApps/apis/shared_powerplatformadminv2","tier":"NotSpecified","apiName":"powerplatformadminv2","isProcessSimpleApiReferenceConversionAlreadyDone":false},"shared_teams":{"connectionName":"shared-teams-be495c5c-20d4-436f-b3f0-9ebbc0d8fbdf","source":"Embedded","id":"/providers/Microsoft.PowerApps/apis/shared_teams","tier":"NotSpecified","apiName":"teams","isProcessSimpleApiReferenceConversionAlreadyDone":false}},"flowFailureAlertSubscribed":false,"isManaged":false}}